{"entrada": {"0": [0.4452514215510084, 0.4495984857020515, 0.22015137723041078, 0.4431530630522037, 0.6816237992135278], "1": [0.25480214081917607, 0.9524386777237905, 0.6914389082844504, 0.04126808025347539, 0.8513583894806641], "2": [0.7909397980694942, 0.16873283754214505, 0.9855657026180694, 0.7835111427859013, 0.742096487428431], "3": [0.05407083465248297, 0.6593588980554004, 0.8374271962988438, 0.13616821626161657, 0.5373339379309818], "4": [0.05534568440530119, 0.035248836778521864, 0.9972779421980956, 0.026385521319572947, 0.04575064901615322], "5": [0.8068829292359072, 0.044281336470699206, 0.9495669010945977, 0.18871257438387057, 0.2018298639788595], "6": [0.048296451282757946, 0.18774438588349163, 0.14609020476493162, 0.6013276815147048, 0.862692911937996], "7": [0.007382489283399796, 0.9635250013272505, 0.3267553759175489, 0.4880416450443006, 0.20785407659066302], "8": [0.5382371319893249, 0.4496076206251318, 0.26497728931419673, 0.9889082451270574, 0.2973747300292976], "9": [0.9538245476882661, 0.5724141062463872, 0.8430252463047779, 0.6572669778225846, 0.7093358041294822], "10": [0.6331900174777976, 0.5582867199252856, 0.6080672809789895, 0.5910416574193521, 0.18590690246480035], "11": [0.21734768668581628, 0.6021969427602878, 0.20026821189876443, 0.21116259841047713, 0.7915523669767709], "12": [0.44717751708647363, 0.6421052514708276, 0.9601712010344496, 0.8912338892461162, 0.8047026983327479], "13": [0.3162862920972809, 0.1771504475919332, 0.15591903875911373, 0.4993135434547973, 0.0312842027492819], "14": [0.05128090533434515, 0.05994016988500339, 0.9392946106698106, 0.8474280068642556, 0.2027207999807752], "15": [0.5280806690481804, 0.33343270286831705, 0.18028953906141354, 0.4765605408827909, 0.926209479097764], "16": [0.2931896616806493, 0.848231604915917, 0.34813502987035505, 0.190534371841522, 0.3280142244401131], "17": [0.3977896950297455, 0.5206031304767792, 0.5814532879255785, 0.6684522921775279, 0.21142013171106022], "18": [0.7707660588328135, 0.48271108844643407, 0.3196162659462102, 0.1527733426914154, 0.6126436688173289], "19": [0.7035054364132829, 0.899478524214626, 0.8248486125170001, 0.8825222915343051, 0.04180274455384758], "20": [0.2161305573581117, 0.5357828962409522, 0.8671263711069185, 0.25024123636714224, 0.8838690306964739], "21": [0.8324762481866108, 0.24869193365603015, 0.9020703194005482, 0.8569491569143024, 0.31584668644942393], "22": [0.3116265940595359, 0.2021347380418593, 0.30248854857588364, 0.15873760930408098, 0.8290068361637162], "23": [0.9277991497707078, 0.726432951873704, 0.4067361496020754, 0.5805062998579756, 0.5582302030345455], "24": [0.3129577944356636, 0.1563118692692954, 0.4770154868845867, 0.5545236221765764, 0.28452814616035493], "25": [0.7166052640208076, 0.08491226784755268, 0.6144090016228956, 0.11679659406218779, 0.048614791703761706], "26": [0.2241533308994148, 0.8308696007356863, 0.5946749143915566, 0.03611277985098238, 0.6049218439452677], "27": [0.654516318990118, 0.18620228722177845, 0.2372392159185036, 0.20126383910037438, 0.16831635945370826], "28": [0.2429163877388235, 0.2729002346826903, 0.3601320389158389, 0.5996011124028183, 0.9863590484314401], "29": [0.9955151316993907, 0.3636965316829792, 0.6494084067463954, 0.47969694085960257, 0.06375371925979556], "30": [0.039533373439703645, 0.49217918029954977, 0.4007994499929699, 0.40517097740562, 0.35274570686141493], "31": [0.5422790267957925, 0.6066778294771189, 0.28613961716494374, 0.18176255775871397, 0.9850275714264747], "32": [0.5351721438596786, 0.12678759371686585, 0.3159026772311619, 0.9420303822021369, 0.8706306658389699], "33": [0.4597382760197801, 0.9744488709699067, 0.7564487950963553, 0.6613332589921246, 0.9736708769649558], "34": [0.03556742708291183, 0.9049690662657, 0.6792192328006375, 0.0324562406633877, 0.5056585671202753], "35": [0.20287336894353647, 0.25479995165428904, 0.20081373745341757, 0.6306269587020965, 0.2842671743689289], "36": [0.9713702719025089, 0.9015891222229416, 0.931139220910139, 0.2954136123693797, 0.49541058874135757], "37": [0.2640305098220139, 0.7149232168520671, 0.7317427326813798, 0.7643223232330754, 0.4541615463202875], "38": [0.6754937968811446, 0.8238116876240049, 0.8526309595954898, 0.8766493209831436, 0.11778281908990618], "39": [0.38043148524881276, 0.9925251702950203, 0.6418292322302189, 0.5562721952054864, 0.6101934970899698], "40": [0.7116714929872435, 0.8496812639159951, 0.3572465729638722, 0.899860374236982, 0.6836595914581066], "41": [0.18755740184914915, 0.7606629347305406, 0.894808378745649, 0.5333098160330607, 0.9497652464534878], "42": [0.019916464397913884, 0.7827081217712863, 0.03937839955535611, 0.250332011943212, 0.6086307759083083], "43": [0.23905543982270722, 0.372125033637121, 0.4437978015136452, 0.5210544244484461, 0.6044956165579308], "44": [0.9848259989250145, 0.8699520820372935, 0.9319007793412801, 0.6642933061327129, 0.08942597164457494], "45": [0.519787398136459, 0.48331328488973957, 0.3193727805448127, 0.4967322240036919, 0.29428103600212246], "46": [0.3021707290064805, 0.20227101149845203, 0.4255754849909165, 0.11893856386642365, 0.8821039295859949], "47": [0.11888989184710402, 0.15433262727794647, 0.6386930681116686, 0.3447975048805896, 0.071546941974935], "48": [0.10118885513873033, 0.6861893479910589, 0.08810906234988636, 0.939176805417432, 0.5556970014415198], "49": [0.9695200077146928, 0.08395057055405741, 0.8437545060060241, 0.2834700045506918, 0.8236437003945313], "50": [0.8268923438210389, 0.2688165310940208, 0.8108494976173394, 0.9245700061974198, 0.4697020754088834], "51": [0.889818280874715, 0.3361446371198217, 0.7805995545451737, 0.6497060906839088, 0.6780147776285308], "52": [0.6020356506622804, 0.01682188052265597, 0.039686385213704774, 0.00907300304354475, 0.8675136174773185], "53": [0.5483925571692253, 0.5255276818842575, 0.9065561819293092, 0.7020064042627675, 0.6814477079756656], "54": [0.9647980480520797, 0.07121403329009968, 0.40268466459359153, 0.20687256572521906, 0.07327062785420979], "55": [0.9755674929714988, 0.7512840757719327, 0.19590510169030606, 0.0022912755299028253, 0.28625581173494796], "56": [0.2506722380446714, 0.5727253628702667, 0.04450564827122139, 0.026986091122294553, 0.7427598490420013], "57": [0.206225384379304, 0.621507309998731, 0.09980102876410007, 0.5064639777903904, 0.5655033789786302], "58": [0.8118740511811903, 0.5090276004845681, 0.7240249990852969, 0.0763082961370476, 0.20702802018082844], "59": [0.4802557362351386, 0.3059230735795688, 0.4141757735689381, 0.1981741350961087, 0.7282843971059353], "60": [0.2305407549907128, 0.9050382098949428, 0.2578617953224783, 0.9219286556912524, 0.45537556199898366], "61": [0.20925080941631646, 0.09379666695872169, 0.17906534150806175, 0.636947718066702, 0.9454799350042727], "62": [0.5430437646383024, 0.6346827691461185, 0.07225406588246636, 0.5726938734090085, 0.6416907364502621], "63": [0.13460618791568046, 0.7416498525057872, 0.14813390935221438, 0.43789712981260565, 0.37655726646870047], "64": [0.4693874133560114, 0.14451661232842328, 0.9253983632202851, 0.8504567958788396, 0.23651368261651318], "65": [0.7124905979505382, 0.8913254981681032, 0.017132131032686515, 0.3889198148462182, 0.7437311642003047], "66": [0.8893557019273894, 0.41387709473039647, 0.6255463809950075, 0.7032450384265713, 0.6239071116881034], "67": [0.5723568907854168, 0.8189301936633064, 0.10311470739665768, 0.823411631150469, 0.8672685197280999], "68": [0.9592795691347953, 0.40302060344257407, 0.3586295184948991, 0.47188051761945204, 0.8166709029706755], "69": [0.8538507338332861, 0.7271133151091778, 0.649682162529575, 0.17584306252444082, 0.6493714435043592], "70": [0.7097592289355932, 0.6200388577989848, 0.18462441611068148, 0.1692909809651364, 0.8051511744890324], "71": [0.548848004870309, 0.8711050468850192, 0.6246923025926774, 0.06204296205208859, 0.05751008228886412], "72": [0.19790008972379952, 0.22117786062323994, 0.352047507496096, 0.19930241904541723, 0.24771349140084414],