{"0": {"0": [0.023284041561886952, -0.013051512773391777, -0.010801262219850864, 0.04188397679148707, -0.03871290351165151], "1": [0.020288058031140505, -0.012839211525720887, 0.003678105449749592, 0.002812392065391622, -0.016156624927179015], "2": [-0.011528485996341297, -0.024431019794988212, -0.006368129268889648, -0.014439447828658506, -0.0037251122891108048], "3": [0.02419401099601123, 0.004047519162208528, -0.004231823408543019, 0.010040654349951664, -0.01829563914732132], "4": [-0.004207393795124602, -0.028224408938360472, 0.044621145503661586, 0.035079739325584454, -0.02971237806338146], "5": [0.030912676040592706, -0.02646194340170018, -0.020904154319063905, -0.012180219293847088, -0.03314375974368206], "6": [-0.033061752569951974, 0.04286113661996061, -0.00834629357704077, -0.03190123956543244, 0.02875160269009461], "7": [-0.024207996429763654, -0.03816269361275671, -0.021967412823447073, 0.04430736661175419, 0.0006657304783923079], "8": [0.032585389136857504, -0.011125154548232898, -0.025299280777495263, 0.01230357410302218, -0.03688562257578993], "9": [0.02734387253832341, -0.04434307053061021, -0.018209581924602515, -0.03523210384160274, 0.02003672708155749], "10": [-0.0013919988526187239, 0.010183550771979778, -0.0034503737768276565, 0.03641480194608092, 0.007318741677569618], "11": [-0.03545081255553647, 0.04393980131322227, 0.024231051870719677, 0.037862983506761684, 0.03213627505018387], "12": [-0.041297281434222184, 0.009709676717115322, 0.001639238280800544, -0.02700508640193811, -0.017848701487804937], "13": [0.015281774267957583, -0.0017619912603981172, 0.012129318893608371, 5.4921329355654835e-05, 0.03169552285757654], "14": [-0.0013149881671254483, 0.03564022372383483, -0.005571321763833378, 0.0036531435376221245, 0.025050274147106515], "15": [0.005147890372650996, -0.006290458954588668, -0.02739986070998138, 0.030391787730041947, -0.0006214358932598828], "16": [0.016529259307310844, -0.027642692514291297, -0.008056547060345039, 0.02634796363590587, -0.006563559425132044], "17": [0.029837609128273834, 0.0388431363413338, -0.03553815050184732, 0.012133721451037605, 0.038391943053532857], "18": [0.021914536435435276, -0.017713532465249093, 0.003513710343616324, -0.022368659698879263, -0.036544174978426595], "19": [-0.01960640459953518, 0.019218786683120596, 0.04222730815363487, -0.005858382204841807, -0.044357545414411254], "20": [0.03855082884477967, -0.021204629092511692, -0.030985109092543244, 0.007694575526288154, -0.0066686661518403825], "21": [-0.010835066516838266, 0.020535901187162146, 0.03810913494290904, 0.015097750636023935, -0.041333865073482814], "22": [-0.011329066476573784, -0.014796779602023077, -0.03731450212832992, -0.015352831925112949, -0.03950503404880856], "23": [0.01422959126167219, -0.0034586684757014407, -0.03157848274236441, -0.018594701781446656, 0.024177579797755696], "24": [-0.006531176457462196, 0.025105807690171258, -0.04114999227490776, -0.0035815289656173544, 0.01471089060049135], "25": [-0.016924276444096022, 0.011130747801844369, 0.04141802344285197, -0.04165607351648715, 0.0037856099093508534], "26": [-0.025813197218429947, 0.0032430181646329833, -0.027028875447446577, -0.017940463196735916, 0.018382852240221768], "27": [-0.014057489561485335, -0.02097353098573017, 0.025829654320133177, -0.03618877239427604, -0.013702003923425141], "28": [-0.015192624300330622, -0.026091237710324924, -0.04261672402403715, -0.015579966035174782, -0.04142000544106566], "29": [0.022393933025668902, 0.03284239877069325, 0.018058304896823987, 0.035181409612127186, 0.013926486954738535], "30": [-0.0028853666779823767, -0.009877118685069885, -0.03875526893483203, -0.012442777449358, -0.006707949883141273], "31": [0.033497156415196266, -0.020093981041996386, -0.023519500978429767, 0.04412818920308845, -0.009114165642078524], "32": [-0.0026767288560423487, 0.009835894027551058, 0.018060217174097254, -0.031113795843778123, 0.02728438883992387], "33": [0.009378919303795759, 0.0038729532829903197, 0.03607720957518344, 0.0043067141553694965, 0.022769056120062976], "34": [0.03101175985991618, 0.024438848943560475, -0.01408101926228292, 0.03843956382617534, -0.036504224850489306], "35": [0.015431367318441335, 0.011596329652098511, 0.024777860660723756, -0.023929139109887854, 0.005433529866377314], "36": [0.0050020017763755115, -0.007979230116041873, -0.028678967117877492, -0.0338973810743208, -0.018071146040658428], "37": [-0.01720857872223825, 0.004655533201336099, -0.03772209217398737, -0.04336567329287414, 0.028151776523163686], "38": [-0.020620099928549556, -0.0005224659597323429, 0.0008317717149607047, 0.03281114688930341, -0.015513958260049322], "39": [-0.00895831081190616, 0.041168884994050456, -0.003749910784774983, 0.03070699889095044, 0.028790437030295386], "40": [-0.021977112772173738, -0.03611066171535371, -0.03701760368851685, -0.03208296879789424, -0.0021791500993586367], "41": [0.028643583800576623, 0.011953454398108923, -0.008343898763223993, -0.04461807867777537, -0.0064161855147705305], "42": [-0.03944143436536013, 0.03705061505357096, 0.028949777871202217, -0.01212676105140287, 0.039269681440133146], "43": [0.03485601080661815, 0.032302239945831354, -0.017254806698916856, 0.030633100391855593, -0.0013653765522563203], "44": [-0.026523191277503192, 0.02699418565917578, 0.042117047513557986, -0.02352363769059749, -0.007287166181801721], "45": [-0.029523689987574663, -0.001408020356246445, -0.025227735498361478, 0.004171496468287988, 0.00428171954655464], "46": [-0.0159319189249938, 0.01834384978190272, -0.04069535299165678, -0.018281152356684437, 0.028418158083532118], "47": [-0.025134822152328037, -0.009715026832584957, -0.010204775047585895, 0.0041867770147935015, -0.03260072034769108], "48": [-0.01916973101308138, -0.015489208155175384, -0.025310708026032507, 0.01419607872982014, -0.018616089714987707], "49": [-0.021188566177068466, 0.02285670272449133, 0.011907430111193716, 0.03820697735557296, -0.04224259590211221], "50": [-0.034389936684111236, 0.0005964190944693805, -0.001224590128985438, -0.005200506653842668, 0.024854249919323463], "51": [0.02176443570061484, -0.005141662160325469, -0.034787796466459825, 0.027633923189332506, -0.03963903802653077], "52": [0.008693522409524706, 0.04335895329958226, -0.030192717837188875, -0.025358008381445075, -0.03920726128102893], "53": [-0.019702720447290555, 0.0317619553244091, -0.006263117682535303, -0.03069717579551185, -0.008262115200025979], "54": [-0.02559573719465138, 0.005659336711237461, -0.04216345811948812, 0.022085899712194042, 0.02641923069496347], "55": [-0.010898768548190269, -0.028985147453208487, 0.024007843016150783, -0.03230220223835159, -0.04173992355920157], "56": [-0.043684548958918906, -0.03579995541260242, 0.006860597379359198, 0.015407253402034258, -0.03498212548637228], "57": [0.03147352279562247, 0.019361257229659173, 0.02800718265018308, -0.04232321144283679, -0.014740859702475255], "58": [-0.024705527350899342, -0.020637866106584316, 0.03147222412239463, -0.007271547248292186, -0.044132550054945124], "59": [0.03140973452392597, -0.029440005744348855, -0.03355623230157099, 0.03492050173791632, 0.008018905429274735], "60": [0.022036379224046793, 0.036134210883314505, -0.021276609639388922, -0.012931258102039388, 0.033790698473738445], "61": [-0.017771247514874775, 0.00282097782840281, 0.008126410999984185, -0.021744378156746128, -0.03549213692616707], "62": [0.026870632362407658, -0.026561795585848, -0.0033793185596104293, -0.019577312932512896, 0.042019596576712476], "63": [-0.0012977645859017341, -0.039909487684615705, 0.0007909635567725364, 0.0402629374408189, 0.028848072714503736], "64": [0.021989759357406536, 0.01902228813441878, -0.02823296517041811, 0.028269218855263928, -0.029143572397229044], "65": [-0.0040859938117289935, 0.034864018410966466, -0.04317916422615196, -0.03780765167547159, 0.037469637406685775], "66": [0.008964582277577945, 0.018079622730129658, -0.031798207540624394, 0.032815003455668276, -0.04439996775876439],